review_id,sku,sentiment,rating,content,date
RV-00001,SKU-PH-0040,negative,1,不推荐，手感和描述严重不符，退货麻烦,2026-04-05
RV-00002,SKU-PH-0013,positive,4,性价比很高，续航不错，比实体店便宜多了,2026-03-16
RV-00003,SKU-PH-0019,neutral,3,中规中矩，包装没有宣传的那么好,2026-05-03
RV-00004,SKU-PH-0012,negative,2,质量堪忧，包装有明显瑕疵，客服推诿,2026-04-02
RV-00005,SKU-PH-0041,neutral,3,能正常用，手感凑合，给个中评,2026-02-27
RV-00006,SKU-PH-0038,positive,5,用了两周了，充电速度稳定，值得入手,2026-04-14
RV-00007,SKU-PH-0033,positive,5,性价比很高，续航不错，比实体店便宜多了,2026-05-13
RV-00008,SKU-PH-0031,neutral,3,还行吧，续航一般，这个价位也就这样了,2026-03-11
RV-00009,SKU-PH-0030,neutral,3,物流慢了三天，包装还可以,2026-04-30
RV-00010,SKU-PH-0018,neutral,3,物流慢了三天，贴合度还可以,2026-02-14
RV-00011,SKU-PH-0032,negative,1,质量堪忧，续航有明显瑕疵，客服推诿,2026-02-25
RV-00012,SKU-PH-0004,neutral,3,物流慢了三天，材质还可以,2026-04-10
RV-00013,SKU-PH-0043,positive,4,第二次回购了，贴合度非常满意，推荐购买,2026-04-24
RV-00014,SKU-PH-0043,positive,4,性价比很高，颜色不错，比实体店便宜多了,2026-05-01
RV-00015,SKU-PH-0044,positive,4,用了两周了，手感稳定，值得入手,2026-02-27
RV-00016,SKU-PH-0005,positive,4,用了两周了，做工细节稳定，值得入手,2026-03-14
RV-00017,SKU-PH-0035,neutral,3,还行吧，材质一般，这个价位也就这样了,2026-03-03
RV-00018,SKU-PH-0048,negative,2,质量堪忧，耐用度有明显瑕疵，客服推诿,2026-04-06
RV-00019,SKU-PH-0009,positive,4,做工精细，手感完美，客服态度也好,2026-03-28
RV-00020,SKU-PH-0007,negative,1,太差了，颜色有问题，用了没几天就坏了,2026-04-04
RV-00021,SKU-PH-0005,negative,2,不推荐，耐用度和描述严重不符，退货麻烦,2026-02-28
RV-00022,SKU-PH-0018,positive,4,第二次回购了，颜色非常满意，推荐购买,2026-03-28
RV-00023,SKU-PH-0038,negative,2,太差了，材质有问题，用了没几天就坏了,2026-03-20
RV-00024,SKU-PH-0033,positive,4,质量很好，贴合度超出预期，物流也快,2026-03-14
RV-00025,SKU-PH-0039,positive,4,用了两周了，耐用度稳定，值得入手,2026-02-19
RV-00026,SKU-PH-0010,neutral,3,中规中矩，包装没有宣传的那么好,2026-04-22
RV-00027,SKU-PH-0048,neutral,3,还行吧，贴合度一般，这个价位也就这样了,2026-03-23
RV-00028,SKU-PH-0025,neutral,3,还行吧，续航一般，这个价位也就这样了,2026-03-19
RV-00029,SKU-PH-0031,negative,1,买回来就发现充电速度不能用，差评,2026-04-04
RV-00030,SKU-PH-0017,positive,4,第二次回购了，包装非常满意，推荐购买,2026-02-23
RV-00031,SKU-PH-0010,neutral,3,物流慢了三天，充电速度还可以,2026-05-13
RV-00032,SKU-PH-0010,positive,5,性价比很高，续航不错，比实体店便宜多了,2026-05-05
RV-00033,SKU-PH-0045,positive,5,第二次回购了，蓝牙连接非常满意，推荐购买,2026-02-20
RV-00034,SKU-PH-0037,positive,5,第二次回购了，做工细节非常满意，推荐购买,2026-05-13
RV-00035,SKU-PH-0001,positive,5,性价比很高，做工细节不错，比实体店便宜多了,2026-04-13
RV-00036,SKU-PH-0045,positive,4,性价比很高，手感不错，比实体店便宜多了,2026-03-15
RV-00037,SKU-PH-0048,positive,5,质量很好，充电速度超出预期，物流也快,2026-05-10
RV-00038,SKU-PH-0036,negative,1,手感非常拉胯，物流还把包装压坏了,2026-02-17
RV-00039,SKU-PH-0026,positive,5,性价比很高，做工细节不错，比实体店便宜多了,2026-03-13
RV-00040,SKU-PH-0022,neutral,3,能正常用，贴合度凑合，给个中评,2026-05-05
RV-00041,SKU-PH-0017,positive,4,做工精细，贴合度完美，客服态度也好,2026-05-06
RV-00042,SKU-PH-0042,neutral,3,还行吧，贴合度一般，这个价位也就这样了,2026-05-11
RV-00043,SKU-PH-0030,positive,5,用了两周了，蓝牙连接稳定，值得入手,2026-03-21
RV-00044,SKU-PH-0027,positive,5,质量很好，颜色超出预期，物流也快,2026-03-13
RV-00045,SKU-PH-0045,positive,5,用了两周了，蓝牙连接稳定，值得入手,2026-03-07
RV-00046,SKU-PH-0026,neutral,3,物流慢了三天，颜色还可以,2026-04-06
RV-00047,SKU-PH-0050,negative,1,买回来就发现蓝牙连接不能用，差评,2026-03-30
RV-00048,SKU-PH-0008,positive,4,做工精细，包装完美，客服态度也好,2026-04-17
RV-00049,SKU-PH-0002,neutral,3,物流慢了三天，贴合度还可以,2026-02-23
RV-00050,SKU-PH-0037,positive,4,性价比很高，材质不错，比实体店便宜多了,2026-04-26
RV-00051,SKU-PH-0005,positive,5,做工精细，颜色完美，客服态度也好,2026-04-24
RV-00052,SKU-PH-0026,negative,1,耐用度非常拉胯，物流还把包装压坏了,2026-04-30
RV-00053,SKU-PH-0007,positive,4,性价比很高，手感不错，比实体店便宜多了,2026-02-19
RV-00054,SKU-PH-0010,neutral,3,还行吧，做工细节一般，这个价位也就这样了,2026-03-13
RV-00055,SKU-PH-0047,positive,4,性价比很高，蓝牙连接不错，比实体店便宜多了,2026-05-06
RV-00056,SKU-PH-0046,neutral,3,中规中矩，蓝牙连接没有宣传的那么好,2026-04-12
RV-00057,SKU-PH-0036,negative,1,买回来就发现手感不能用，差评,2026-02-17
RV-00058,SKU-PH-0017,positive,4,做工精细，包装完美，客服态度也好,2026-02-17
RV-00059,SKU-PH-0002,negative,1,颜色非常拉胯，物流还把包装压坏了,2026-04-10
RV-00060,SKU-PH-0016,neutral,3,物流慢了三天，蓝牙连接还可以,2026-04-02
RV-00061,SKU-PH-0026,neutral,3,物流慢了三天，颜色还可以,2026-02-17
RV-00062,SKU-PH-0005,neutral,3,中规中矩，做工细节没有宣传的那么好,2026-03-19
RV-00063,SKU-PH-0036,positive,5,做工精细，贴合度完美，客服态度也好,2026-03-06
RV-00064,SKU-PH-0024,positive,5,第二次回购了，颜色非常满意，推荐购买,2026-02-17
RV-00065,SKU-PH-0042,neutral,3,还行吧，蓝牙连接一般，这个价位也就这样了,2026-04-26
RV-00066,SKU-PH-0021,positive,5,第二次回购了，包装非常满意，推荐购买,2026-05-05
RV-00067,SKU-PH-0022,negative,2,买回来就发现做工细节不能用，差评,2026-03-04
RV-00068,SKU-PH-0039,negative,1,买回来就发现续航不能用，差评,2026-03-19
RV-00069,SKU-PH-0037,neutral,3,物流慢了三天，做工细节还可以,2026-03-09
RV-00070,SKU-PH-0002,positive,5,做工精细，颜色完美，客服态度也好,2026-03-13
RV-00071,SKU-PH-0037,neutral,3,能正常用，续航凑合，给个中评,2026-05-07
RV-00072,SKU-PH-0018,positive,5,做工精细，耐用度完美，客服态度也好,2026-04-24
RV-00073,SKU-PH-0002,positive,5,质量很好，包装超出预期，物流也快,2026-04-27
RV-00074,SKU-PH-0024,neutral,3,还行吧，包装一般，这个价位也就这样了,2026-03-20
RV-00075,SKU-PH-0013,positive,4,做工精细，贴合度完美，客服态度也好,2026-03-31
RV-00076,SKU-PH-0029,negative,2,太差了，材质有问题，用了没几天就坏了,2026-03-11
RV-00077,SKU-PH-0019,positive,4,用了两周了，充电速度稳定，值得入手,2026-05-11
RV-00078,SKU-PH-0022,positive,4,质量很好，材质超出预期，物流也快,2026-04-05
RV-00079,SKU-PH-0031,positive,5,性价比很高，材质不错，比实体店便宜多了,2026-04-28
RV-00080,SKU-PH-0013,negative,1,太差了，充电速度有问题，用了没几天就坏了,2026-04-29
RV-00081,SKU-PH-0017,neutral,3,中规中矩，耐用度没有宣传的那么好,2026-05-11
RV-00082,SKU-PH-0038,positive,5,质量很好，材质超出预期，物流也快,2026-05-10
RV-00083,SKU-PH-0032,neutral,3,还行吧，包装一般，这个价位也就这样了,2026-05-02
RV-00084,SKU-PH-0008,neutral,3,物流慢了三天，材质还可以,2026-02-28
RV-00085,SKU-PH-0008,positive,5,性价比很高，蓝牙连接不错，比实体店便宜多了,2026-03-09
RV-00086,SKU-PH-0020,neutral,3,还行吧，蓝牙连接一般，这个价位也就这样了,2026-02-20
RV-00087,SKU-PH-0043,positive,4,第二次回购了，做工细节非常满意，推荐购买,2026-03-21
RV-00088,SKU-PH-0010,negative,1,买回来就发现颜色不能用，差评,2026-02-24
RV-00089,SKU-PH-0034,positive,4,第二次回购了，充电速度非常满意，推荐购买,2026-03-26
RV-00090,SKU-PH-0049,positive,4,质量很好，蓝牙连接超出预期，物流也快,2026-03-26
RV-00091,SKU-PH-0001,neutral,3,还行吧，手感一般，这个价位也就这样了,2026-05-09
RV-00092,SKU-PH-0026,positive,5,做工精细，耐用度完美，客服态度也好,2026-02-17
RV-00093,SKU-PH-0049,negative,1,不推荐，包装和描述严重不符，退货麻烦,2026-05-10
RV-00094,SKU-PH-0005,neutral,3,能正常用，贴合度凑合，给个中评,2026-04-23
RV-00095,SKU-PH-0046,neutral,3,还行吧，充电速度一般，这个价位也就这样了,2026-02-24
RV-00096,SKU-PH-0047,positive,5,性价比很高，做工细节不错，比实体店便宜多了,2026-03-10
RV-00097,SKU-PH-0030,positive,4,用了两周了，耐用度稳定，值得入手,2026-04-09
RV-00098,SKU-PH-0048,positive,4,做工精细，蓝牙连接完美，客服态度也好,2026-04-26
RV-00099,SKU-PH-0012,positive,4,质量很好，颜色超出预期，物流也快,2026-02-25
RV-00100,SKU-PH-0018,negative,1,不推荐，颜色和描述严重不符，退货麻烦,2026-05-15
RV-00101,SKU-PH-0025,positive,5,用了两周了，包装稳定，值得入手,2026-03-03
RV-00102,SKU-PH-0002,neutral,3,还行吧，贴合度一般，这个价位也就这样了,2026-04-03
RV-00103,SKU-PH-0007,negative,2,买回来就发现贴合度不能用，差评,2026-04-01
RV-00104,SKU-PH-0010,positive,5,用了两周了，颜色稳定，值得入手,2026-02-22
RV-00105,SKU-PH-0013,neutral,3,物流慢了三天，贴合度还可以,2026-03-20
RV-00106,SKU-PH-0050,positive,5,性价比很高，包装不错，比实体店便宜多了,2026-02-14
RV-00107,SKU-PH-0034,positive,4,第二次回购了，材质非常满意，推荐购买,2026-02-22
RV-00108,SKU-PH-0049,positive,4,做工精细，包装完美，客服态度也好,2026-05-14
RV-00109,SKU-PH-0034,positive,5,第二次回购了，贴合度非常满意，推荐购买,2026-04-24
RV-00110,SKU-PH-0002,neutral,3,物流慢了三天，颜色还可以,2026-03-10
RV-00111,SKU-PH-0026,neutral,3,能正常用，颜色凑合，给个中评,2026-04-12
RV-00112,SKU-PH-0027,positive,5,做工精细，颜色完美，客服态度也好,2026-03-21
RV-00113,SKU-PH-0001,neutral,3,还行吧，续航一般，这个价位也就这样了,2026-04-17
RV-00114,SKU-PH-0045,positive,5,做工精细，包装完美，客服态度也好,2026-02-14
RV-00115,SKU-PH-0012,positive,4,质量很好，续航超出预期，物流也快,2026-02-25
RV-00116,SKU-PH-0025,negative,2,太差了，蓝牙连接有问题，用了没几天就坏了,2026-04-29
RV-00117,SKU-PH-0039,neutral,3,物流慢了三天，手感还可以,2026-05-10
RV-00118,SKU-PH-0045,negative,2,太差了，材质有问题，用了没几天就坏了,2026-03-21
RV-00119,SKU-PH-0038,positive,5,做工精细，充电速度完美，客服态度也好,2026-02-22
RV-00120,SKU-PH-0027,positive,4,第二次回购了，蓝牙连接非常满意，推荐购买,2026-02-14
RV-00121,SKU-PH-0026,neutral,3,物流慢了三天，包装还可以,2026-03-19
RV-00122,SKU-PH-0009,positive,4,用了两周了，颜色稳定，值得入手,2026-05-15
RV-00123,SKU-PH-0023,negative,1,蓝牙连接非常拉胯，物流还把包装压坏了,2026-04-14
RV-00124,SKU-PH-0046,positive,5,性价比很高，续航不错，比实体店便宜多了,2026-05-13
RV-00125,SKU-PH-0039,positive,4,质量很好，续航超出预期，物流也快,2026-02-28
RV-00126,SKU-PH-0030,positive,5,性价比很高，耐用度不错，比实体店便宜多了,2026-04-29
RV-00127,SKU-PH-0026,positive,4,第二次回购了，耐用度非常满意，推荐购买,2026-04-30
RV-00128,SKU-PH-0026,positive,4,用了两周了，包装稳定，值得入手,2026-04-06
RV-00129,SKU-PH-0039,positive,5,做工精细，材质完美，客服态度也好,2026-02-19
RV-00130,SKU-PH-0017,negative,2,买回来就发现做工细节不能用，差评,2026-03-25
RV-00131,SKU-PH-0020,positive,4,做工精细，做工细节完美，客服态度也好,2026-02-19
RV-00132,SKU-PH-0011,neutral,3,中规中矩，贴合度没有宣传的那么好,2026-03-19
RV-00133,SKU-PH-0018,negative,2,买回来就发现贴合度不能用，差评,2026-05-14
RV-00134,SKU-PH-0025,positive,4,性价比很高，颜色不错，比实体店便宜多了,2026-03-26
RV-00135,SKU-PH-0018,positive,5,质量很好，蓝牙连接超出预期，物流也快,2026-03-07
RV-00136,SKU-PH-0005,positive,5,第二次回购了，耐用度非常满意，推荐购买,2026-02-15
RV-00137,SKU-PH-0032,negative,2,不推荐，充电速度和描述严重不符，退货麻烦,2026-04-29
RV-00138,SKU-PH-0008,neutral,3,能正常用，颜色凑合，给个中评,2026-04-07
RV-00139,SKU-PH-0008,neutral,3,还行吧，手感一般，这个价位也就这样了,2026-04-16
RV-00140,SKU-PH-0018,positive,5,做工精细，续航完美，客服态度也好,2026-04-27
RV-00141,SKU-PH-0026,neutral,3,还行吧，贴合度一般，这个价位也就这样了,2026-03-15
RV-00142,SKU-PH-0033,negative,2,不推荐，蓝牙连接和描述严重不符，退货麻烦,2026-03-16
RV-00143,SKU-PH-0006,positive,4,质量很好，做工细节超出预期，物流也快,2026-04-04
RV-00144,SKU-PH-0038,neutral,3,能正常用，充电速度凑合，给个中评,2026-04-01
RV-00145,SKU-PH-0037,positive,4,性价比很高，包装不错，比实体店便宜多了,2026-04-18
RV-00146,SKU-PH-0032,positive,4,用了两周了，续航稳定，值得入手,2026-04-05
RV-00147,SKU-PH-0020,positive,4,用了两周了，蓝牙连接稳定，值得入手,2026-03-21
RV-00148,SKU-PH-0041,positive,5,做工精细，充电速度完美，客服态度也好,2026-04-03
RV-00149,SKU-PH-0021,positive,4,用了两周了，续航稳定，值得入手,2026-04-16
RV-00150,SKU-PH-0012,negative,1,不推荐，蓝牙连接和描述严重不符，退货麻烦,2026-03-07
RV-00151,SKU-PH-0019,negative,2,太差了，充电速度有问题，用了没几天就坏了,2026-03-29
RV-00152,SKU-PH-0047,positive,4,做工精细，充电速度完美，客服态度也好,2026-03-19
RV-00153,SKU-PH-0036,positive,5,用了两周了，做工细节稳定，值得入手,2026-04-11
RV-00154,SKU-PH-0028,negative,1,不推荐，做工细节和描述严重不符，退货麻烦,2026-04-15
RV-00155,SKU-PH-0022,positive,5,性价比很高，充电速度不错，比实体店便宜多了,2026-04-27
RV-00156,SKU-PH-0028,neutral,3,还行吧，充电速度一般，这个价位也就这样了,2026-04-16
RV-00157,SKU-PH-0048,positive,4,第二次回购了，手感非常满意，推荐购买,2026-04-12
RV-00158,SKU-PH-0021,neutral,3,还行吧，蓝牙连接一般，这个价位也就这样了,2026-04-19
RV-00159,SKU-PH-0011,negative,2,不推荐，蓝牙连接和描述严重不符，退货麻烦,2026-03-19
RV-00160,SKU-PH-0026,positive,5,第二次回购了，材质非常满意，推荐购买,2026-04-01
RV-00161,SKU-PH-0040,positive,4,用了两周了，手感稳定，值得入手,2026-04-22
RV-00162,SKU-PH-0015,positive,5,第二次回购了，续航非常满意，推荐购买,2026-02-15
RV-00163,SKU-PH-0018,positive,4,第二次回购了，颜色非常满意，推荐购买,2026-04-26
RV-00164,SKU-PH-0042,neutral,3,中规中矩，材质没有宣传的那么好,2026-03-01
RV-00165,SKU-PH-0040,neutral,3,还行吧，耐用度一般，这个价位也就这样了,2026-05-08
RV-00166,SKU-PH-0012,positive,5,质量很好，充电速度超出预期，物流也快,2026-04-01
RV-00167,SKU-PH-0014,neutral,3,还行吧，做工细节一般，这个价位也就这样了,2026-04-25
RV-00168,SKU-PH-0001,positive,4,性价比很高，包装不错，比实体店便宜多了,2026-03-10
RV-00169,SKU-PH-0017,positive,4,性价比很高，贴合度不错，比实体店便宜多了,2026-04-12
RV-00170,SKU-PH-0022,positive,4,做工精细，耐用度完美，客服态度也好,2026-03-12
RV-00171,SKU-PH-0002,positive,5,质量很好，颜色超出预期，物流也快,2026-04-15
RV-00172,SKU-PH-0033,neutral,3,还行吧，材质一般，这个价位也就这样了,2026-03-31
RV-00173,SKU-PH-0044,negative,2,买回来就发现续航不能用，差评,2026-03-24
RV-00174,SKU-PH-0002,positive,5,第二次回购了，贴合度非常满意，推荐购买,2026-03-18
RV-00175,SKU-PH-0035,positive,4,用了两周了，做工细节稳定，值得入手,2026-04-13
RV-00176,SKU-PH-0039,negative,1,质量堪忧，颜色有明显瑕疵，客服推诿,2026-03-01
RV-00177,SKU-PH-0013,neutral,3,中规中矩，贴合度没有宣传的那么好,2026-04-13
RV-00178,SKU-PH-0014,positive,4,性价比很高，蓝牙连接不错，比实体店便宜多了,2026-05-10
RV-00179,SKU-PH-0035,positive,5,质量很好，颜色超出预期，物流也快,2026-04-22
RV-00180,SKU-PH-0044,positive,5,质量很好，做工细节超出预期，物流也快,2026-05-09
RV-00181,SKU-PH-0018,positive,4,质量很好，做工细节超出预期，物流也快,2026-05-07
RV-00182,SKU-PH-0004,positive,4,第二次回购了，做工细节非常满意，推荐购买,2026-02-21
RV-00183,SKU-PH-0028,neutral,3,还行吧，蓝牙连接一般，这个价位也就这样了,2026-02-19
RV-00184,SKU-PH-0014,negative,2,不推荐，做工细节和描述严重不符，退货麻烦,2026-04-18
RV-00185,SKU-PH-0003,negative,2,质量堪忧，包装有明显瑕疵，客服推诿,2026-04-22
RV-00186,SKU-PH-0029,negative,1,不推荐，做工细节和描述严重不符，退货麻烦,2026-05-12
RV-00187,SKU-PH-0003,positive,5,做工精细，蓝牙连接完美，客服态度也好,2026-05-12
RV-00188,SKU-PH-0022,neutral,3,物流慢了三天，充电速度还可以,2026-04-21
RV-00189,SKU-PH-0023,positive,5,质量很好，耐用度超出预期，物流也快,2026-05-04
RV-00190,SKU-PH-0047,neutral,3,还行吧，蓝牙连接一般，这个价位也就这样了,2026-02-27
RV-00191,SKU-PH-0045,neutral,3,中规中矩，做工细节没有宣传的那么好,2026-03-26
RV-00192,SKU-PH-0045,negative,1,材质非常拉胯，物流还把包装压坏了,2026-04-14
RV-00193,SKU-PH-0030,neutral,3,还行吧，颜色一般，这个价位也就这样了,2026-05-04
RV-00194,SKU-PH-0035,positive,5,性价比很高，包装不错，比实体店便宜多了,2026-02-23
RV-00195,SKU-PH-0025,negative,1,材质非常拉胯，物流还把包装压坏了,2026-05-13
RV-00196,SKU-PH-0004,neutral,3,物流慢了三天，材质还可以,2026-04-29
RV-00197,SKU-PH-0037,positive,5,质量很好，续航超出预期，物流也快,2026-04-28
RV-00198,SKU-PH-0014,neutral,3,能正常用，手感凑合，给个中评,2026-04-15
RV-00199,SKU-PH-0048,positive,4,做工精细，耐用度完美，客服态度也好,2026-03-29
RV-00200,SKU-PH-0016,positive,5,性价比很高，做工细节不错，比实体店便宜多了,2026-05-04
RV-00201,SKU-PH-0014,positive,4,第二次回购了，蓝牙连接非常满意，推荐购买,2026-03-22
RV-00202,SKU-PH-0008,neutral,3,中规中矩，贴合度没有宣传的那么好,2026-02-14
RV-00203,SKU-PH-0021,negative,2,太差了，手感有问题，用了没几天就坏了,2026-03-28
RV-00204,SKU-PH-0041,negative,2,材质非常拉胯，物流还把包装压坏了,2026-03-29
RV-00205,SKU-PH-0010,negative,2,太差了，颜色有问题，用了没几天就坏了,2026-02-21
RV-00206,SKU-PH-0044,neutral,3,还行吧，包装一般，这个价位也就这样了,2026-03-18
RV-00207,SKU-PH-0042,neutral,3,中规中矩，续航没有宣传的那么好,2026-02-17
RV-00208,SKU-PH-0025,negative,1,做工细节非常拉胯，物流还把包装压坏了,2026-04-19
RV-00209,SKU-PH-0048,positive,5,质量很好，包装超出预期，物流也快,2026-04-11
RV-00210,SKU-PH-0026,positive,4,质量很好，耐用度超出预期，物流也快,2026-02-20
RV-00211,SKU-PH-0006,positive,4,做工精细，做工细节完美，客服态度也好,2026-04-23
RV-00212,SKU-PH-0030,positive,4,性价比很高，包装不错，比实体店便宜多了,2026-05-04
RV-00213,SKU-PH-0015,positive,4,用了两周了，手感稳定，值得入手,2026-02-23
RV-00214,SKU-PH-0035,neutral,3,物流慢了三天，续航还可以,2026-03-20
RV-00215,SKU-PH-0035,positive,5,做工精细，手感完美，客服态度也好,2026-02-22
RV-00216,SKU-PH-0009,positive,4,做工精细，包装完美，客服态度也好,2026-04-28
RV-00217,SKU-PH-0031,neutral,3,能正常用，手感凑合，给个中评,2026-03-05
RV-00218,SKU-PH-0017,positive,4,第二次回购了，手感非常满意，推荐购买,2026-05-12
RV-00219,SKU-PH-0042,neutral,3,物流慢了三天，贴合度还可以,2026-04-26
RV-00220,SKU-PH-0010,neutral,3,中规中矩，颜色没有宣传的那么好,2026-02-25
RV-00221,SKU-PH-0030,negative,1,质量堪忧，续航有明显瑕疵，客服推诿,2026-04-24
RV-00222,SKU-PH-0007,neutral,3,还行吧，手感一般，这个价位也就这样了,2026-05-02
RV-00223,SKU-PH-0042,negative,2,买回来就发现蓝牙连接不能用，差评,2026-03-11
RV-00224,SKU-PH-0007,neutral,3,能正常用，耐用度凑合，给个中评,2026-04-05
RV-00225,SKU-PH-0033,neutral,3,物流慢了三天，蓝牙连接还可以,2026-05-15
RV-00226,SKU-PH-0035,positive,4,性价比很高，颜色不错，比实体店便宜多了,2026-02-26
RV-00227,SKU-PH-0010,neutral,3,还行吧，充电速度一般，这个价位也就这样了,2026-04-07
RV-00228,SKU-PH-0027,neutral,3,物流慢了三天，充电速度还可以,2026-03-24
RV-00229,SKU-PH-0001,positive,5,做工精细，做工细节完美，客服态度也好,2026-05-10
RV-00230,SKU-PH-0029,positive,5,质量很好，续航超出预期，物流也快,2026-04-21
RV-00231,SKU-PH-0013,neutral,3,能正常用，续航凑合，给个中评,2026-03-12
RV-00232,SKU-PH-0029,positive,4,性价比很高，蓝牙连接不错，比实体店便宜多了,2026-05-12
RV-00233,SKU-PH-0044,positive,5,质量很好，颜色超出预期，物流也快,2026-03-20
RV-00234,SKU-PH-0029,positive,5,做工精细，包装完美，客服态度也好,2026-04-23
RV-00235,SKU-PH-0007,positive,5,第二次回购了，手感非常满意，推荐购买,2026-03-23
RV-00236,SKU-PH-0029,neutral,3,中规中矩，颜色没有宣传的那么好,2026-04-17
RV-00237,SKU-PH-0042,positive,4,做工精细，充电速度完美，客服态度也好,2026-05-03
RV-00238,SKU-PH-0002,positive,5,做工精细，耐用度完美，客服态度也好,2026-04-21
RV-00239,SKU-PH-0048,negative,2,不推荐，续航和描述严重不符，退货麻烦,2026-04-06
RV-00240,SKU-PH-0044,positive,5,第二次回购了，包装非常满意，推荐购买,2026-03-03
RV-00241,SKU-PH-0007,positive,5,做工精细，颜色完美，客服态度也好,2026-04-10
RV-00242,SKU-PH-0016,positive,4,性价比很高，手感不错，比实体店便宜多了,2026-04-28
RV-00243,SKU-PH-0010,neutral,3,物流慢了三天，贴合度还可以,2026-03-04
RV-00244,SKU-PH-0007,negative,1,质量堪忧，包装有明显瑕疵，客服推诿,2026-04-04
RV-00245,SKU-PH-0020,neutral,3,能正常用，颜色凑合，给个中评,2026-02-19
RV-00246,SKU-PH-0010,positive,4,用了两周了，做工细节稳定，值得入手,2026-04-01
RV-00247,SKU-PH-0011,neutral,3,还行吧，颜色一般，这个价位也就这样了,2026-04-18
RV-00248,SKU-PH-0022,positive,4,用了两周了，充电速度稳定，值得入手,2026-04-28
RV-00249,SKU-PH-0016,neutral,3,中规中矩，蓝牙连接没有宣传的那么好,2026-05-12
RV-00250,SKU-PH-0048,negative,1,贴合度非常拉胯，物流还把包装压坏了,2026-02-20
RV-00251,SKU-PH-0020,negative,1,买回来就发现做工细节不能用，差评,2026-03-02
RV-00252,SKU-PH-0046,neutral,3,还行吧，包装一般，这个价位也就这样了,2026-05-11
RV-00253,SKU-PH-0006,negative,1,太差了，颜色有问题，用了没几天就坏了,2026-04-05
RV-00254,SKU-PH-0023,positive,4,质量很好，颜色超出预期，物流也快,2026-03-03
RV-00255,SKU-PH-0006,negative,2,太差了，耐用度有问题，用了没几天就坏了,2026-04-30
RV-00256,SKU-PH-0035,neutral,3,物流慢了三天，蓝牙连接还可以,2026-02-16
RV-00257,SKU-PH-0038,positive,4,做工精细，包装完美，客服态度也好,2026-04-16
RV-00258,SKU-PH-0034,positive,4,性价比很高，包装不错，比实体店便宜多了,2026-05-02
RV-00259,SKU-PH-0004,neutral,3,还行吧，续航一般，这个价位也就这样了,2026-05-08
RV-00260,SKU-PH-0038,neutral,3,中规中矩，材质没有宣传的那么好,2026-04-01
RV-00261,SKU-PH-0048,positive,4,质量很好，做工细节超出预期，物流也快,2026-04-29
RV-00262,SKU-PH-0021,positive,4,做工精细，材质完美，客服态度也好,2026-04-30
RV-00263,SKU-PH-0024,positive,5,做工精细，耐用度完美，客服态度也好,2026-03-07
RV-00264,SKU-PH-0020,negative,1,续航非常拉胯，物流还把包装压坏了,2026-02-19
RV-00265,SKU-PH-0027,positive,5,质量很好，续航超出预期，物流也快,2026-04-06
RV-00266,SKU-PH-0001,negative,2,不推荐，手感和描述严重不符，退货麻烦,2026-05-02
RV-00267,SKU-PH-0033,neutral,3,能正常用，手感凑合，给个中评,2026-02-19
RV-00268,SKU-PH-0038,neutral,3,能正常用，做工细节凑合，给个中评,2026-03-25
RV-00269,SKU-PH-0008,positive,4,第二次回购了，续航非常满意，推荐购买,2026-02-16
RV-00270,SKU-PH-0047,neutral,3,物流慢了三天，做工细节还可以,2026-03-28
RV-00271,SKU-PH-0011,positive,5,第二次回购了，手感非常满意，推荐购买,2026-05-02
RV-00272,SKU-PH-0041,negative,1,买回来就发现充电速度不能用，差评,2026-04-28
RV-00273,SKU-PH-0029,positive,5,做工精细，材质完美，客服态度也好,2026-05-02
RV-00274,SKU-PH-0035,neutral,3,还行吧，包装一般，这个价位也就这样了,2026-03-25
RV-00275,SKU-PH-0018,positive,4,质量很好，耐用度超出预期，物流也快,2026-04-05
RV-00276,SKU-PH-0046,negative,1,买回来就发现材质不能用，差评,2026-04-17
RV-00277,SKU-PH-0033,negative,2,不推荐，做工细节和描述严重不符，退货麻烦,2026-04-26
RV-00278,SKU-PH-0012,neutral,3,能正常用，做工细节凑合，给个中评,2026-04-18
RV-00279,SKU-PH-0003,negative,1,买回来就发现续航不能用，差评,2026-04-24
RV-00280,SKU-PH-0049,positive,4,做工精细，续航完美，客服态度也好,2026-05-06
RV-00281,SKU-PH-0003,neutral,3,中规中矩，做工细节没有宣传的那么好,2026-04-10
RV-00282,SKU-PH-0009,neutral,3,物流慢了三天，贴合度还可以,2026-03-03
RV-00283,SKU-PH-0038,positive,4,性价比很高，贴合度不错，比实体店便宜多了,2026-03-13
RV-00284,SKU-PH-0047,negative,2,不推荐，充电速度和描述严重不符，退货麻烦,2026-04-25
RV-00285,SKU-PH-0006,positive,4,做工精细，做工细节完美，客服态度也好,2026-05-15
RV-00286,SKU-PH-0037,positive,4,性价比很高，蓝牙连接不错，比实体店便宜多了,2026-04-14
RV-00287,SKU-PH-0019,neutral,3,物流慢了三天，做工细节还可以,2026-03-22
RV-00288,SKU-PH-0019,neutral,3,物流慢了三天，续航还可以,2026-02-28
RV-00289,SKU-PH-0007,neutral,3,能正常用，包装凑合，给个中评,2026-04-12
RV-00290,SKU-PH-0013,negative,2,充电速度非常拉胯，物流还把包装压坏了,2026-03-21
RV-00291,SKU-PH-0015,positive,5,做工精细，耐用度完美，客服态度也好,2026-05-13
RV-00292,SKU-PH-0018,positive,5,第二次回购了，颜色非常满意，推荐购买,2026-02-23
RV-00293,SKU-PH-0015,neutral,3,中规中矩，贴合度没有宣传的那么好,2026-03-25
RV-00294,SKU-PH-0050,negative,1,质量堪忧，贴合度有明显瑕疵，客服推诿,2026-04-14
RV-00295,SKU-PH-0036,positive,4,质量很好，贴合度超出预期，物流也快,2026-03-03
RV-00296,SKU-PH-0035,positive,5,性价比很高，包装不错，比实体店便宜多了,2026-02-22
RV-00297,SKU-PH-0035,neutral,3,中规中矩，充电速度没有宣传的那么好,2026-03-29
RV-00298,SKU-PH-0019,positive,4,第二次回购了，充电速度非常满意，推荐购买,2026-04-28
RV-00299,SKU-PH-0024,neutral,3,能正常用，材质凑合，给个中评,2026-05-14
RV-00300,SKU-PH-0024,positive,4,第二次回购了，耐用度非常满意，推荐购买,2026-04-29
RV-00301,SKU-PH-0029,positive,5,做工精细，包装完美，客服态度也好,2026-04-27
RV-00302,SKU-PH-0023,neutral,3,中规中矩，材质没有宣传的那么好,2026-03-03
RV-00303,SKU-PH-0049,positive,5,质量很好，充电速度超出预期，物流也快,2026-04-23
RV-00304,SKU-PH-0016,neutral,3,物流慢了三天，耐用度还可以,2026-04-02
RV-00305,SKU-PH-0042,positive,5,质量很好，续航超出预期，物流也快,2026-03-23
RV-00306,SKU-PH-0024,negative,1,买回来就发现手感不能用，差评,2026-04-28
RV-00307,SKU-PH-0019,positive,5,用了两周了，做工细节稳定，值得入手,2026-04-03
RV-00308,SKU-PH-0021,neutral,3,物流慢了三天，蓝牙连接还可以,2026-03-15
RV-00309,SKU-PH-0024,neutral,3,物流慢了三天，蓝牙连接还可以,2026-03-11
RV-00310,SKU-PH-0025,positive,5,做工精细，充电速度完美，客服态度也好,2026-04-08
RV-00311,SKU-PH-0020,positive,4,性价比很高，贴合度不错，比实体店便宜多了,2026-05-09
RV-00312,SKU-PH-0042,neutral,3,中规中矩，充电速度没有宣传的那么好,2026-02-16
RV-00313,SKU-PH-0001,positive,5,质量很好，手感超出预期，物流也快,2026-04-20
RV-00314,SKU-PH-0044,positive,5,做工精细，续航完美，客服态度也好,2026-05-03
RV-00315,SKU-PH-0038,negative,1,太差了，手感有问题，用了没几天就坏了,2026-03-16
RV-00316,SKU-PH-0042,positive,4,用了两周了，续航稳定，值得入手,2026-03-23
RV-00317,SKU-PH-0020,negative,1,太差了，蓝牙连接有问题，用了没几天就坏了,2026-05-04
RV-00318,SKU-PH-0041,neutral,3,中规中矩，耐用度没有宣传的那么好,2026-05-12
RV-00319,SKU-PH-0033,neutral,3,还行吧，充电速度一般，这个价位也就这样了,2026-02-23
RV-00320,SKU-PH-0001,neutral,3,物流慢了三天，手感还可以,2026-05-15
RV-00321,SKU-PH-0046,neutral,3,能正常用，耐用度凑合，给个中评,2026-04-09
RV-00322,SKU-PH-0025,positive,4,做工精细，颜色完美，客服态度也好,2026-03-21
RV-00323,SKU-PH-0013,neutral,3,还行吧，耐用度一般，这个价位也就这样了,2026-03-24
RV-00324,SKU-PH-0002,positive,5,第二次回购了，蓝牙连接非常满意，推荐购买,2026-04-15
RV-00325,SKU-PH-0041,positive,4,性价比很高，贴合度不错，比实体店便宜多了,2026-02-22
RV-00326,SKU-PH-0034,neutral,3,物流慢了三天，续航还可以,2026-05-13
RV-00327,SKU-PH-0015,positive,5,第二次回购了，贴合度非常满意，推荐购买,2026-02-19
RV-00328,SKU-PH-0031,negative,1,太差了，耐用度有问题，用了没几天就坏了,2026-05-15
RV-00329,SKU-PH-0009,negative,2,质量堪忧，续航有明显瑕疵，客服推诿,2026-05-08
RV-00330,SKU-PH-0027,positive,4,性价比很高，贴合度不错，比实体店便宜多了,2026-05-02
RV-00331,SKU-PH-0030,positive,5,用了两周了，耐用度稳定，值得入手,2026-02-19
RV-00332,SKU-PH-0016,positive,5,性价比很高，做工细节不错，比实体店便宜多了,2026-04-02
RV-00333,SKU-PH-0025,positive,4,性价比很高，贴合度不错，比实体店便宜多了,2026-04-21
RV-00334,SKU-PH-0026,neutral,3,中规中矩，贴合度没有宣传的那么好,2026-04-24
RV-00335,SKU-PH-0050,positive,5,做工精细，颜色完美，客服态度也好,2026-04-21
RV-00336,SKU-PH-0002,negative,1,不推荐，手感和描述严重不符，退货麻烦,2026-02-20
RV-00337,SKU-PH-0029,neutral,3,能正常用，材质凑合，给个中评,2026-02-26
RV-00338,SKU-PH-0038,negative,1,质量堪忧，耐用度有明显瑕疵，客服推诿,2026-02-26
RV-00339,SKU-PH-0050,negative,1,太差了，手感有问题，用了没几天就坏了,2026-03-11
RV-00340,SKU-PH-0027,positive,4,做工精细，贴合度完美，客服态度也好,2026-04-30
RV-00341,SKU-PH-0017,negative,1,买回来就发现续航不能用，差评,2026-03-07
RV-00342,SKU-PH-0015,positive,5,第二次回购了，包装非常满意，推荐购买,2026-03-27
RV-00343,SKU-PH-0046,positive,5,质量很好，手感超出预期，物流也快,2026-02-15
RV-00344,SKU-PH-0047,positive,5,质量很好，做工细节超出预期，物流也快,2026-03-16
RV-00345,SKU-PH-0041,positive,4,第二次回购了，蓝牙连接非常满意，推荐购买,2026-03-06
RV-00346,SKU-PH-0047,neutral,3,中规中矩，颜色没有宣传的那么好,2026-04-09
RV-00347,SKU-PH-0021,negative,2,买回来就发现做工细节不能用，差评,2026-04-03
RV-00348,SKU-PH-0032,negative,2,不推荐，充电速度和描述严重不符，退货麻烦,2026-03-04
RV-00349,SKU-PH-0015,neutral,3,能正常用，续航凑合，给个中评,2026-02-16
RV-00350,SKU-PH-0050,neutral,3,物流慢了三天，续航还可以,2026-03-09
RV-00351,SKU-PH-0006,neutral,3,中规中矩，蓝牙连接没有宣传的那么好,2026-03-29
RV-00352,SKU-PH-0042,neutral,3,还行吧，包装一般，这个价位也就这样了,2026-02-23
RV-00353,SKU-PH-0044,negative,2,质量堪忧，颜色有明显瑕疵，客服推诿,2026-04-27
RV-00354,SKU-PH-0037,neutral,3,还行吧，做工细节一般，这个价位也就这样了,2026-05-15
RV-00355,SKU-PH-0001,neutral,3,物流慢了三天，充电速度还可以,2026-04-26
RV-00356,SKU-PH-0049,positive,4,做工精细，材质完美，客服态度也好,2026-05-15
RV-00357,SKU-PH-0015,neutral,3,物流慢了三天，材质还可以,2026-03-26
RV-00358,SKU-PH-0008,neutral,3,中规中矩，蓝牙连接没有宣传的那么好,2026-04-04
RV-00359,SKU-PH-0001,neutral,3,物流慢了三天，贴合度还可以,2026-04-19
RV-00360,SKU-PH-0033,neutral,3,能正常用，耐用度凑合，给个中评,2026-02-24
RV-00361,SKU-PH-0021,positive,4,用了两周了，手感稳定，值得入手,2026-04-30
RV-00362,SKU-PH-0044,positive,4,性价比很高，贴合度不错，比实体店便宜多了,2026-03-14
RV-00363,SKU-PH-0009,positive,5,做工精细，颜色完美，客服态度也好,2026-03-30
RV-00364,SKU-PH-0014,neutral,3,还行吧，颜色一般，这个价位也就这样了,2026-03-05
RV-00365,SKU-PH-0047,positive,5,做工精细，贴合度完美，客服态度也好,2026-02-21
RV-00366,SKU-PH-0048,neutral,3,物流慢了三天，耐用度还可以,2026-04-16
RV-00367,SKU-PH-0007,neutral,3,物流慢了三天，耐用度还可以,2026-05-09
RV-00368,SKU-PH-0021,positive,5,第二次回购了，做工细节非常满意，推荐购买,2026-04-14
RV-00369,SKU-PH-0041,positive,4,做工精细，贴合度完美，客服态度也好,2026-04-07
RV-00370,SKU-PH-0038,positive,4,用了两周了，耐用度稳定，值得入手,2026-04-14
RV-00371,SKU-PH-0012,neutral,3,物流慢了三天，包装还可以,2026-04-18
RV-00372,SKU-PH-0045,positive,4,质量很好，手感超出预期，物流也快,2026-04-23
RV-00373,SKU-PH-0024,positive,4,做工精细，做工细节完美，客服态度也好,2026-05-09
RV-00374,SKU-PH-0021,positive,4,性价比很高，包装不错，比实体店便宜多了,2026-04-07
RV-00375,SKU-PH-0049,positive,5,质量很好，耐用度超出预期，物流也快,2026-04-07
RV-00376,SKU-PH-0019,positive,5,性价比很高，耐用度不错，比实体店便宜多了,2026-03-21
RV-00377,SKU-PH-0011,neutral,3,还行吧，做工细节一般，这个价位也就这样了,2026-04-29
RV-00378,SKU-PH-0050,neutral,3,能正常用，充电速度凑合，给个中评,2026-04-07
RV-00379,SKU-PH-0006,neutral,3,还行吧，手感一般，这个价位也就这样了,2026-04-29
RV-00380,SKU-PH-0018,positive,5,质量很好，颜色超出预期，物流也快,2026-04-20
RV-00381,SKU-PH-0011,positive,5,做工精细，材质完美，客服态度也好,2026-03-08
RV-00382,SKU-PH-0031,positive,4,第二次回购了，贴合度非常满意，推荐购买,2026-03-19
RV-00383,SKU-PH-0011,neutral,3,还行吧，包装一般，这个价位也就这样了,2026-03-20
RV-00384,SKU-PH-0049,neutral,3,中规中矩，耐用度没有宣传的那么好,2026-05-03
RV-00385,SKU-PH-0030,negative,2,不推荐，充电速度和描述严重不符，退货麻烦,2026-04-11
RV-00386,SKU-PH-0020,negative,2,买回来就发现材质不能用，差评,2026-04-01
RV-00387,SKU-PH-0047,positive,5,用了两周了，充电速度稳定，值得入手,2026-04-10
RV-00388,SKU-PH-0014,positive,5,做工精细，充电速度完美，客服态度也好,2026-03-12
RV-00389,SKU-PH-0015,positive,4,用了两周了，包装稳定，值得入手,2026-05-08
RV-00390,SKU-PH-0030,negative,1,买回来就发现材质不能用，差评,2026-03-09
RV-00391,SKU-PH-0042,positive,4,性价比很高，颜色不错，比实体店便宜多了,2026-03-19
RV-00392,SKU-PH-0023,negative,1,太差了，贴合度有问题，用了没几天就坏了,2026-02-26
RV-00393,SKU-PH-0030,positive,5,第二次回购了，做工细节非常满意，推荐购买,2026-03-28
RV-00394,SKU-PH-0021,positive,4,性价比很高，耐用度不错，比实体店便宜多了,2026-02-15
RV-00395,SKU-PH-0046,positive,5,性价比很高，充电速度不错，比实体店便宜多了,2026-04-30
RV-00396,SKU-PH-0035,neutral,3,中规中矩，手感没有宣传的那么好,2026-03-05
RV-00397,SKU-PH-0001,neutral,3,还行吧，手感一般，这个价位也就这样了,2026-05-06
RV-00398,SKU-PH-0045,positive,5,用了两周了，颜色稳定，值得入手,2026-05-13
RV-00399,SKU-PH-0009,positive,5,质量很好，蓝牙连接超出预期，物流也快,2026-04-14
RV-00400,SKU-PH-0024,neutral,3,能正常用，续航凑合，给个中评,2026-04-02
RV-00401,SKU-PH-0013,neutral,3,物流慢了三天，材质还可以,2026-02-28
RV-00402,SKU-PH-0027,negative,1,不推荐，做工细节和描述严重不符，退货麻烦,2026-03-05
RV-00403,SKU-PH-0026,positive,5,性价比很高，充电速度不错，比实体店便宜多了,2026-03-28
RV-00404,SKU-PH-0002,positive,4,质量很好，做工细节超出预期，物流也快,2026-03-04
RV-00405,SKU-PH-0022,neutral,3,能正常用，充电速度凑合，给个中评,2026-03-22
RV-00406,SKU-PH-0021,positive,4,用了两周了，包装稳定，值得入手,2026-04-21
RV-00407,SKU-PH-0042,neutral,3,能正常用，做工细节凑合，给个中评,2026-05-06
RV-00408,SKU-PH-0003,positive,5,第二次回购了，颜色非常满意，推荐购买,2026-05-07
RV-00409,SKU-PH-0010,neutral,3,还行吧，颜色一般，这个价位也就这样了,2026-04-03
RV-00410,SKU-PH-0045,positive,4,做工精细，颜色完美，客服态度也好,2026-03-12
RV-00411,SKU-PH-0030,neutral,3,中规中矩，贴合度没有宣传的那么好,2026-03-19
RV-00412,SKU-PH-0020,positive,5,用了两周了，蓝牙连接稳定，值得入手,2026-02-28
RV-00413,SKU-PH-0005,positive,4,质量很好，蓝牙连接超出预期，物流也快,2026-03-11
RV-00414,SKU-PH-0047,neutral,3,还行吧，颜色一般，这个价位也就这样了,2026-04-20
RV-00415,SKU-PH-0028,positive,5,做工精细，耐用度完美，客服态度也好,2026-04-30
RV-00416,SKU-PH-0015,positive,4,第二次回购了，续航非常满意，推荐购买,2026-04-21
RV-00417,SKU-PH-0027,neutral,3,物流慢了三天，手感还可以,2026-03-16
RV-00418,SKU-PH-0015,negative,1,质量堪忧，材质有明显瑕疵，客服推诿,2026-02-27
RV-00419,SKU-PH-0050,positive,4,性价比很高，蓝牙连接不错，比实体店便宜多了,2026-04-22
RV-00420,SKU-PH-0003,positive,5,质量很好，颜色超出预期，物流也快,2026-02-27
RV-00421,SKU-PH-0002,negative,2,充电速度非常拉胯，物流还把包装压坏了,2026-04-09
RV-00422,SKU-PH-0046,negative,1,不推荐，蓝牙连接和描述严重不符，退货麻烦,2026-05-09
RV-00423,SKU-PH-0004,neutral,3,还行吧，耐用度一般，这个价位也就这样了,2026-04-14
RV-00424,SKU-PH-0047,positive,5,用了两周了，做工细节稳定，值得入手,2026-05-01
RV-00425,SKU-PH-0011,neutral,3,中规中矩，充电速度没有宣传的那么好,2026-04-10
RV-00426,SKU-PH-0008,positive,4,第二次回购了，包装非常满意，推荐购买,2026-04-30
RV-00427,SKU-PH-0026,negative,1,质量堪忧，耐用度有明显瑕疵，客服推诿,2026-05-06
RV-00428,SKU-PH-0050,positive,4,做工精细，颜色完美，客服态度也好,2026-03-02
RV-00429,SKU-PH-0043,positive,4,性价比很高，蓝牙连接不错，比实体店便宜多了,2026-04-12
RV-00430,SKU-PH-0009,negative,1,买回来就发现材质不能用，差评,2026-02-25
RV-00431,SKU-PH-0024,positive,5,质量很好，续航超出预期，物流也快,2026-03-21
RV-00432,SKU-PH-0023,positive,4,性价比很高，贴合度不错，比实体店便宜多了,2026-05-03
RV-00433,SKU-PH-0001,neutral,3,能正常用，充电速度凑合，给个中评,2026-05-14
RV-00434,SKU-PH-0037,positive,4,性价比很高，贴合度不错，比实体店便宜多了,2026-05-03
RV-00435,SKU-PH-0034,positive,4,做工精细，续航完美，客服态度也好,2026-03-21
RV-00436,SKU-PH-0030,negative,2,不推荐，续航和描述严重不符，退货麻烦,2026-04-01
RV-00437,SKU-PH-0028,positive,4,做工精细，手感完美，客服态度也好,2026-04-27
RV-00438,SKU-PH-0044,neutral,3,物流慢了三天，颜色还可以,2026-03-11
RV-00439,SKU-PH-0040,neutral,3,物流慢了三天，耐用度还可以,2026-04-14
RV-00440,SKU-PH-0013,neutral,3,中规中矩，包装没有宣传的那么好,2026-02-28
RV-00441,SKU-PH-0001,positive,5,做工精细，做工细节完美，客服态度也好,2026-03-07
RV-00442,SKU-PH-0030,positive,4,第二次回购了，蓝牙连接非常满意，推荐购买,2026-02-18
RV-00443,SKU-PH-0014,positive,4,第二次回购了，包装非常满意，推荐购买,2026-04-19
RV-00444,SKU-PH-0019,neutral,3,中规中矩，充电速度没有宣传的那么好,2026-04-24
RV-00445,SKU-PH-0004,positive,4,做工精细，做工细节完美，客服态度也好,2026-02-28
RV-00446,SKU-PH-0021,neutral,3,物流慢了三天，蓝牙连接还可以,2026-03-25
RV-00447,SKU-PH-0042,positive,4,性价比很高，手感不错，比实体店便宜多了,2026-05-14
RV-00448,SKU-PH-0025,positive,4,第二次回购了，颜色非常满意，推荐购买,2026-03-12
RV-00449,SKU-PH-0020,positive,5,质量很好，材质超出预期，物流也快,2026-03-22
RV-00450,SKU-PH-0042,neutral,3,中规中矩，颜色没有宣传的那么好,2026-02-26
RV-00451,SKU-PH-0003,positive,4,性价比很高，颜色不错，比实体店便宜多了,2026-03-13
RV-00452,SKU-PH-0030,neutral,3,还行吧，颜色一般，这个价位也就这样了,2026-02-14
RV-00453,SKU-PH-0038,positive,4,第二次回购了，手感非常满意，推荐购买,2026-03-09
RV-00454,SKU-PH-0001,positive,5,做工精细，颜色完美，客服态度也好,2026-03-19
RV-00455,SKU-PH-0035,positive,4,用了两周了，手感稳定，值得入手,2026-04-07
RV-00456,SKU-PH-0020,negative,2,太差了，材质有问题，用了没几天就坏了,2026-04-28
RV-00457,SKU-PH-0017,neutral,3,还行吧，颜色一般，这个价位也就这样了,2026-04-27
RV-00458,SKU-PH-0016,negative,1,充电速度非常拉胯，物流还把包装压坏了,2026-03-19
RV-00459,SKU-PH-0016,neutral,3,物流慢了三天，续航还可以,2026-02-25
RV-00460,SKU-PH-0033,neutral,3,还行吧，蓝牙连接一般，这个价位也就这样了,2026-04-26
RV-00461,SKU-PH-0038,positive,4,做工精细，蓝牙连接完美，客服态度也好,2026-05-10
RV-00462,SKU-PH-0022,positive,5,性价比很高，做工细节不错，比实体店便宜多了,2026-03-31
RV-00463,SKU-PH-0044,positive,5,质量很好，包装超出预期，物流也快,2026-03-30
RV-00464,SKU-PH-0014,negative,1,质量堪忧，蓝牙连接有明显瑕疵，客服推诿,2026-04-18
RV-00465,SKU-PH-0024,negative,1,不推荐，耐用度和描述严重不符，退货麻烦,2026-03-23
RV-00466,SKU-PH-0001,positive,5,质量很好，耐用度超出预期，物流也快,2026-05-03
RV-00467,SKU-PH-0013,neutral,3,中规中矩，材质没有宣传的那么好,2026-03-30
RV-00468,SKU-PH-0003,positive,4,用了两周了，耐用度稳定，值得入手,2026-05-13
RV-00469,SKU-PH-0009,negative,1,买回来就发现手感不能用，差评,2026-03-03
RV-00470,SKU-PH-0035,positive,4,第二次回购了，贴合度非常满意，推荐购买,2026-02-24
RV-00471,SKU-PH-0028,negative,1,太差了，充电速度有问题，用了没几天就坏了,2026-02-22
RV-00472,SKU-PH-0013,positive,4,用了两周了，充电速度稳定，值得入手,2026-02-26
RV-00473,SKU-PH-0005,negative,2,质量堪忧，充电速度有明显瑕疵，客服推诿,2026-04-01
RV-00474,SKU-PH-0010,neutral,3,中规中矩，贴合度没有宣传的那么好,2026-03-11
RV-00475,SKU-PH-0038,neutral,3,中规中矩，蓝牙连接没有宣传的那么好,2026-04-08
RV-00476,SKU-PH-0014,positive,4,性价比很高，材质不错，比实体店便宜多了,2026-02-19
RV-00477,SKU-PH-0046,positive,5,第二次回购了，耐用度非常满意，推荐购买,2026-03-01
RV-00478,SKU-PH-0031,neutral,3,物流慢了三天，手感还可以,2026-03-29
RV-00479,SKU-PH-0011,neutral,3,还行吧，做工细节一般，这个价位也就这样了,2026-03-28
RV-00480,SKU-PH-0026,positive,5,用了两周了，手感稳定，值得入手,2026-03-02
RV-00481,SKU-PH-0032,positive,5,第二次回购了，颜色非常满意，推荐购买,2026-04-09
RV-00482,SKU-PH-0043,negative,2,不推荐，颜色和描述严重不符，退货麻烦,2026-02-16
RV-00483,SKU-PH-0028,positive,4,质量很好，颜色超出预期，物流也快,2026-04-30
RV-00484,SKU-PH-0025,positive,5,质量很好，手感超出预期，物流也快,2026-03-18
RV-00485,SKU-PH-0002,negative,1,太差了，蓝牙连接有问题，用了没几天就坏了,2026-04-12
RV-00486,SKU-PH-0032,negative,1,买回来就发现颜色不能用，差评,2026-04-23
RV-00487,SKU-PH-0013,positive,4,性价比很高，材质不错，比实体店便宜多了,2026-02-23
RV-00488,SKU-PH-0037,negative,2,续航非常拉胯，物流还把包装压坏了,2026-04-12
RV-00489,SKU-PH-0021,neutral,3,物流慢了三天，蓝牙连接还可以,2026-03-28
RV-00490,SKU-PH-0038,neutral,3,还行吧，续航一般，这个价位也就这样了,2026-04-01
RV-00491,SKU-PH-0049,positive,5,第二次回购了，材质非常满意，推荐购买,2026-03-21
RV-00492,SKU-PH-0007,neutral,3,还行吧，贴合度一般，这个价位也就这样了,2026-03-07
RV-00493,SKU-PH-0021,positive,4,做工精细，材质完美，客服态度也好,2026-04-19
RV-00494,SKU-PH-0007,neutral,3,还行吧，手感一般，这个价位也就这样了,2026-05-15
RV-00495,SKU-PH-0003,negative,1,买回来就发现续航不能用，差评,2026-03-15
RV-00496,SKU-PH-0007,positive,5,性价比很高，充电速度不错，比实体店便宜多了,2026-04-05
RV-00497,SKU-PH-0023,neutral,3,中规中矩，手感没有宣传的那么好,2026-05-14
RV-00498,SKU-PH-0005,positive,5,质量很好，材质超出预期，物流也快,2026-02-27
RV-00499,SKU-PH-0012,neutral,3,物流慢了三天，颜色还可以,2026-05-04
RV-00500,SKU-PH-0045,positive,4,用了两周了，充电速度稳定，值得入手,2026-03-31
RV-00501,SKU-PH-0010,negative,2,太差了，材质有问题，用了没几天就坏了,2026-04-12
RV-00502,SKU-PH-0042,negative,1,不推荐，续航和描述严重不符，退货麻烦,2026-03-26
RV-00503,SKU-PH-0036,neutral,3,中规中矩，包装没有宣传的那么好,2026-03-09
RV-00504,SKU-PH-0035,positive,5,用了两周了，蓝牙连接稳定，值得入手,2026-04-23
RV-00505,SKU-PH-0013,neutral,3,能正常用，材质凑合，给个中评,2026-03-11
RV-00506,SKU-PH-0005,positive,5,质量很好，手感超出预期，物流也快,2026-03-02
RV-00507,SKU-PH-0017,positive,4,质量很好，手感超出预期，物流也快,2026-03-20
RV-00508,SKU-PH-0022,neutral,3,能正常用，充电速度凑合，给个中评,2026-04-20
RV-00509,SKU-PH-0033,positive,5,质量很好，做工细节超出预期，物流也快,2026-04-17
RV-00510,SKU-PH-0023,positive,5,做工精细，充电速度完美，客服态度也好,2026-03-16
RV-00511,SKU-PH-0050,neutral,3,物流慢了三天，包装还可以,2026-04-05
RV-00512,SKU-PH-0027,negative,2,不推荐，续航和描述严重不符，退货麻烦,2026-05-07
RV-00513,SKU-PH-0028,neutral,3,还行吧，手感一般，这个价位也就这样了,2026-03-13
RV-00514,SKU-PH-0047,positive,4,第二次回购了，手感非常满意，推荐购买,2026-03-13
RV-00515,SKU-PH-0029,neutral,3,能正常用，蓝牙连接凑合，给个中评,2026-03-31
RV-00516,SKU-PH-0041,neutral,3,还行吧，材质一般，这个价位也就这样了,2026-03-27
RV-00517,SKU-PH-0041,neutral,3,还行吧，材质一般，这个价位也就这样了,2026-03-20
RV-00518,SKU-PH-0035,negative,1,不推荐，材质和描述严重不符，退货麻烦,2026-02-17
RV-00519,SKU-PH-0009,neutral,3,物流慢了三天，续航还可以,2026-05-09
RV-00520,SKU-PH-0003,positive,4,质量很好，做工细节超出预期，物流也快,2026-02-21
RV-00521,SKU-PH-0007,positive,4,性价比很高，手感不错，比实体店便宜多了,2026-04-17
RV-00522,SKU-PH-0032,negative,1,质量堪忧，材质有明显瑕疵，客服推诿,2026-03-14
RV-00523,SKU-PH-0011,positive,4,用了两周了，材质稳定，值得入手,2026-05-11
RV-00524,SKU-PH-0026,neutral,3,还行吧，耐用度一般，这个价位也就这样了,2026-03-25
RV-00525,SKU-PH-0011,positive,5,性价比很高，贴合度不错，比实体店便宜多了,2026-04-25
RV-00526,SKU-PH-0034,neutral,3,物流慢了三天，做工细节还可以,2026-04-25
RV-00527,SKU-PH-0018,positive,5,第二次回购了，续航非常满意，推荐购买,2026-04-24
RV-00528,SKU-PH-0002,positive,4,做工精细，包装完美，客服态度也好,2026-04-05
RV-00529,SKU-PH-0014,negative,2,不推荐，贴合度和描述严重不符，退货麻烦,2026-04-26
RV-00530,SKU-PH-0034,negative,1,买回来就发现蓝牙连接不能用，差评,2026-04-05
RV-00531,SKU-PH-0008,neutral,3,中规中矩，做工细节没有宣传的那么好,2026-03-19
RV-00532,SKU-PH-0050,positive,5,用了两周了，做工细节稳定，值得入手,2026-03-14
RV-00533,SKU-PH-0010,negative,1,做工细节非常拉胯，物流还把包装压坏了,2026-03-11
RV-00534,SKU-PH-0004,negative,2,做工细节非常拉胯，物流还把包装压坏了,2026-02-26
RV-00535,SKU-PH-0048,positive,5,性价比很高，颜色不错，比实体店便宜多了,2026-05-12
RV-00536,SKU-PH-0030,neutral,3,能正常用，包装凑合，给个中评,2026-05-01
RV-00537,SKU-PH-0010,neutral,3,中规中矩，续航没有宣传的那么好,2026-03-14
RV-00538,SKU-PH-0026,positive,4,质量很好，贴合度超出预期，物流也快,2026-05-10
RV-00539,SKU-PH-0027,negative,2,太差了，耐用度有问题，用了没几天就坏了,2026-03-06
RV-00540,SKU-PH-0022,negative,1,包装非常拉胯，物流还把包装压坏了,2026-04-16
RV-00541,SKU-PH-0003,positive,4,用了两周了，充电速度稳定，值得入手,2026-04-04
RV-00542,SKU-PH-0038,negative,2,太差了，充电速度有问题，用了没几天就坏了,2026-05-09
RV-00543,SKU-PH-0010,neutral,3,还行吧，包装一般，这个价位也就这样了,2026-03-17
RV-00544,SKU-PH-0033,neutral,3,能正常用，手感凑合，给个中评,2026-03-26
RV-00545,SKU-PH-0027,neutral,3,还行吧，手感一般，这个价位也就这样了,2026-02-21
RV-00546,SKU-PH-0008,positive,5,性价比很高，材质不错，比实体店便宜多了,2026-04-06
RV-00547,SKU-PH-0048,neutral,3,中规中矩，充电速度没有宣传的那么好,2026-04-28
RV-00548,SKU-PH-0030,neutral,3,能正常用，蓝牙连接凑合，给个中评,2026-04-02
RV-00549,SKU-PH-0044,neutral,3,中规中矩，做工细节没有宣传的那么好,2026-02-17
RV-00550,SKU-PH-0041,positive,4,性价比很高，颜色不错，比实体店便宜多了,2026-03-05
RV-00551,SKU-PH-0008,positive,5,质量很好，蓝牙连接超出预期，物流也快,2026-03-19
RV-00552,SKU-PH-0026,negative,1,太差了，颜色有问题，用了没几天就坏了,2026-02-18
RV-00553,SKU-PH-0043,neutral,3,中规中矩，蓝牙连接没有宣传的那么好,2026-02-19
RV-00554,SKU-PH-0004,positive,4,第二次回购了，续航非常满意，推荐购买,2026-04-11
RV-00555,SKU-PH-0048,positive,4,性价比很高，手感不错，比实体店便宜多了,2026-05-03
RV-00556,SKU-PH-0028,positive,4,性价比很高，续航不错，比实体店便宜多了,2026-03-26
RV-00557,SKU-PH-0025,negative,2,太差了，耐用度有问题，用了没几天就坏了,2026-03-05
RV-00558,SKU-PH-0027,positive,5,用了两周了，充电速度稳定，值得入手,2026-04-14
RV-00559,SKU-PH-0033,positive,4,第二次回购了，颜色非常满意，推荐购买,2026-03-05
RV-00560,SKU-PH-0005,positive,4,做工精细，颜色完美，客服态度也好,2026-03-26
RV-00561,SKU-PH-0023,neutral,3,中规中矩，材质没有宣传的那么好,2026-05-11
RV-00562,SKU-PH-0034,positive,5,第二次回购了，颜色非常满意，推荐购买,2026-02-14
RV-00563,SKU-PH-0005,negative,1,包装非常拉胯，物流还把包装压坏了,2026-05-05
RV-00564,SKU-PH-0035,negative,1,不推荐，充电速度和描述严重不符，退货麻烦,2026-03-30
RV-00565,SKU-PH-0037,positive,4,用了两周了，充电速度稳定，值得入手,2026-03-08
RV-00566,SKU-PH-0041,neutral,3,物流慢了三天，充电速度还可以,2026-03-17
RV-00567,SKU-PH-0020,positive,5,做工精细，包装完美，客服态度也好,2026-03-03
RV-00568,SKU-PH-0014,neutral,3,物流慢了三天，做工细节还可以,2026-04-14
RV-00569,SKU-PH-0030,positive,4,做工精细，包装完美，客服态度也好,2026-03-04
RV-00570,SKU-PH-0015,positive,4,做工精细，耐用度完美，客服态度也好,2026-04-04
RV-00571,SKU-PH-0035,positive,4,第二次回购了，蓝牙连接非常满意，推荐购买,2026-03-18
RV-00572,SKU-PH-0033,positive,5,质量很好，贴合度超出预期，物流也快,2026-04-23
RV-00573,SKU-PH-0021,positive,4,质量很好，颜色超出预期，物流也快,2026-04-08
RV-00574,SKU-PH-0014,positive,5,质量很好，耐用度超出预期，物流也快,2026-03-07
RV-00575,SKU-PH-0021,positive,5,做工精细，手感完美，客服态度也好,2026-04-07
RV-00576,SKU-PH-0037,positive,4,质量很好，充电速度超出预期，物流也快,2026-04-15
RV-00577,SKU-PH-0008,positive,5,质量很好，贴合度超出预期，物流也快,2026-02-27
RV-00578,SKU-PH-0006,negative,2,不推荐，耐用度和描述严重不符，退货麻烦,2026-05-12
RV-00579,SKU-PH-0014,neutral,3,能正常用，续航凑合，给个中评,2026-05-14
RV-00580,SKU-PH-0015,neutral,3,还行吧，颜色一般，这个价位也就这样了,2026-02-17
RV-00581,SKU-PH-0027,positive,5,第二次回购了，颜色非常满意，推荐购买,2026-03-31
RV-00582,SKU-PH-0011,positive,4,做工精细，蓝牙连接完美，客服态度也好,2026-04-24
RV-00583,SKU-PH-0050,positive,5,第二次回购了，手感非常满意，推荐购买,2026-05-06
RV-00584,SKU-PH-0043,neutral,3,还行吧，做工细节一般，这个价位也就这样了,2026-04-18
RV-00585,SKU-PH-0007,neutral,3,中规中矩，颜色没有宣传的那么好,2026-03-05
RV-00586,SKU-PH-0013,neutral,3,能正常用，续航凑合，给个中评,2026-04-03
RV-00587,SKU-PH-0040,positive,5,质量很好，包装超出预期，物流也快,2026-03-29
RV-00588,SKU-PH-0033,neutral,3,还行吧，包装一般，这个价位也就这样了,2026-03-12
RV-00589,SKU-PH-0031,negative,2,太差了，续航有问题，用了没几天就坏了,2026-05-01
RV-00590,SKU-PH-0027,positive,5,性价比很高，材质不错，比实体店便宜多了,2026-05-09
RV-00591,SKU-PH-0040,negative,2,买回来就发现蓝牙连接不能用，差评,2026-02-15
RV-00592,SKU-PH-0005,positive,4,用了两周了，材质稳定，值得入手,2026-02-18
RV-00593,SKU-PH-0023,positive,4,性价比很高，包装不错，比实体店便宜多了,2026-02-25
RV-00594,SKU-PH-0012,neutral,3,物流慢了三天，蓝牙连接还可以,2026-05-12
RV-00595,SKU-PH-0047,positive,5,用了两周了，蓝牙连接稳定，值得入手,2026-04-04
RV-00596,SKU-PH-0050,positive,4,做工精细，充电速度完美，客服态度也好,2026-03-13
RV-00597,SKU-PH-0018,neutral,3,还行吧，贴合度一般，这个价位也就这样了,2026-04-25
RV-00598,SKU-PH-0009,positive,5,性价比很高，蓝牙连接不错，比实体店便宜多了,2026-03-02
RV-00599,SKU-PH-0022,positive,4,质量很好，包装超出预期，物流也快,2026-02-15
